similarity,source,image
0.938599,yup,yep
0.920581,protestors,protesters
0.919414,propoganda,propaganda
0.919223,gov't,govt
0.919095,lmao,lmfao
0.915419,purposefully,intentionally
0.915300,29,26
0.914461,wwii,ww2
0.914430,28,26
0.913490,3,4
0.911200,travelled,traveled
0.910525,50,40
0.909666,msnbc,fox
0.909261,vs.,vs
0.907030,july,august
0.905658,rs,repubs
0.904727,imho,imo
0.903790,geez,jeez
0.903620,ie,i.e
0.902657,2011,2013
0.902653,anyways,anyway
0.901650,purposely,intentionally
0.901217,wwiii,ww3
0.900657,2014,2013
0.900312,latinos,hispanics
0.899105,100x,1000x
0.898823,protestor,protester
0.897616,hs,highschool
0.897608,21,26
0.897397,likeable,likable
0.897231,/r/all,r/all
0.897148,2/3rds,2/3
0.895798,democrat,republican
0.895582,nonbiased,unbiased
0.893699,300,250
0.893036,leftwing,rightwing
0.892762,rofl,lmfao
0.892364,60k,80k
0.891602,alqaeda,al_qaeda
0.891314,decreases,increases
0.891022,15k,25k
0.890415,min_wage,minimum_wage
0.889700,2002,2004
0.889434,cruise_missiles,missiles
0.889026,deduction,deductions
0.889025,100s,hundreds
0.888831,2.5,1.5
0.888356,contraceptives,contraception
0.888324,nbc,abc
0.887638,pistols,rifles
0.887066,1520,1015
0.886882,effected,affected
0.886693,tuesday,thursday
0.885952,9mm,.22
0.885425,netflix,hulu
0.885280,noone,nobody
0.884816,loathed,despised
0.884353,fiasco,debacle
0.884252,um,umm
0.883647,oct,feb
0.883608,echochamber,echo_chamber
0.883494,disavow,denounce
0.883282,gunna,gon_na
0.883237,boarder,border
0.883197,sooooo,soooo
0.883131,eg,e.g
0.882681,saudia_arabia,saudi_arabia
0.882659,goverment,govt
0.882553,april,february
0.882509,dprk,nk
0.881493,feb,jan
0.881391,hilary,hillary
0.881040,dumbasses,idiots
0.880956,commiting,committing
0.880879,7th_grade,8th_grade
0.880521,revolver,pistol
0.880381,pre_existing,preexisting_condition
0.880137,hahah,hahaha
0.880097,yah,yea
0.880016,presser,press_conference
0.879868,ec,electoral_college
0.879692,labelled,labeled
0.879420,hive_mind,hivemind
0.879258,20k,50k
0.879241,facist,fascist
0.878947,drug_cartels,cartels
0.878921,disinfo,disinformation
0.878713,super_pac,pac
0.878639,cnn,fox
0.878589,34,23
0.878375,1k,5k
0.878210,20s,30s
0.877960,1988,2004
0.877460,goddamned,goddamn
0.877457,7th,6th
0.877422,civilisation,civilization
0.876953,uhh,umm
0.876425,rallys,rallies
0.876272,favourite,favorite
0.875823,occured,occurred
0.875180,sorrow,sadness
0.875178,n._korea,nk
0.875046,40s,30s
0.874670,boyfriend,girlfriend
0.874669,twenty,thirty
0.874650,pricks,assholes
0.874474,1992,2004
0.873676,september,august
0.873503,predominately,predominantly
0.873457,rumours,rumors
0.873084,‚Äò,‚Äù
0.873078,dipshits,idiots
0.872805,musk,elon
0.872240,sooo,soooo
0.872050,ludicrous,absurd
0.872000,"20,000","50,000"
0.871955,900,400
0.871929,rightleaning,leftleaning
0.871819,heros,heroes
0.871786,loosing,losing
0.871651,facists,fascists
0.870975,conservatives,liberals
0.870401,organised,organized
0.870318,naw,nah
0.870276,plz,pls
0.870110,10s,tens
0.870096,4.5,1.5
0.869943,centerleft,centrist
0.869406,missouri,maine
0.869372,tx,fl
0.869369,seperate,separate
0.869363,53,52
0.869354,"300,000","3,000"
0.869329,10k,50k
0.869151,grads,graduates
0.868868,ohio,michigan
0.868786,sexism,misogyny
0.868729,louisiana,mississippi
0.868585,300k,200k
0.868391,copays,deductibles
0.867955,dec,feb
0.867860,ahh,ah
0.867812,middleeast,middle_east
0.867673,ahhhh,ahhh
0.867600,mother_fucker,motherfucker
0.867580,.what,..what
0.867492,"40,000","3,000"
0.867490,uhhh,umm
0.867467,liberalism,progressivism
0.867444,semiauto,semi_auto
0.867372,sizeable,sizable
0.867363,short_sighted,shortsighted
0.866828,airbase,airfield
0.866387,antifascists,fascists
0.866181,"10,000","1,000"
0.866076,6th_grade,8th_grade
0.865917,yelling,screaming
0.865814,ocare,obamacare
0.865761,south_carolina,mississippi
0.865477,46,52
0.865404,motives,motivations
0.865241,üòÇ,lmao
0.865071,multinational_corporations,corporations
0.864730,wapo,nytimes
0.864661,al_queda,al_qaeda
0.864649,aq,al_qaeda
0.864626,embryo,fetus
0.864472,nebraska,maine
0.864106,10000,1000
0.864045,etc.,etc
0.863757,ineligible,eligible
0.863566,68,78
0.863406,clinton,hillary
0.863065,astounded,amazed
0.862881,everyone,everybody
0.862562,selfcentered,narcissistic
0.862273,rightwingers,leftists
0.861892,qaddafi,gaddafi
0.861889,superbowl,super_bowl
0.861723,labelling,labeling
0.861433,aww,awww
0.861358,66,54
0.861310,popularized,coined
0.861304,radicalism,extremism
0.861158,rightwing,leftwing
0.861027,800,900
0.860927,impacting,affecting
0.860794,therefor,therefore
0.860345,e.g.,e.g
0.860298,1.2,1.4
0.860265,disavowed,denounced
0.860189,cancelled,canceled
0.860180,radicals,extremists
0.859756,ahca,obamacare
0.859713,3k,15k
0.859704,recieve,receive
0.859657,metaphorically,figuratively
0.859460,etc..,etc
0.859395,denouncing,condemning
0.859378,greenhouse_gases,carbon_dioxide
0.859231,million+,million
0.859025,250k,200k
0.858949,arguement,argument
0.858512,politicans,politicians
0.858268,regressives,progressives
0.858240,64,79
0.858134,85,75
0.858106,woah,whoa
0.858074,pessimistic,optimistic
0.857735,mmmmm,mmmm
0.857644,reddit,t_d
0.857519,looses,loses
0.857216,loathe,despise
0.857195,licence,license
0.857161,polices,policies
0.856796,midterm,midterms
0.856734,favour,favor
0.856714,99.9,99
0.856512,p.s,ps
0.856496,four,three
0.856357,doxx,dox
0.856322,organisations,organizations
0.856145,dysphoria,gender_dysphoria
0.856003,approximately,roughly
0.855517,mcconnel,mcconnell
0.855471,voucher,vouchers
0.855459,nyt,nytimes
0.855430,nov_8th,november_8th
0.855299,centerright,centrist
0.855071,40+,30+
0.855058,tennessee,mississippi
0.854887,gw,gwb
0.854767,moan,whine
0.854755,hahahahaha,hahahahahaha
0.854694,doctorate,phd
0.854363,publically,publicly
0.854222,35k,80k
0.854204,0.3,0.2
0.854049,i.e.,i.e
0.853871,ksa,saudi_arabia
0.853807,ossoff,handel
0.853546,jihadis,jihadists
0.853521,facism,fascism
0.853077,12k,15k
0.852655,antisemetic,antisemitic
0.852583,bruh,brah
0.852374,8000,5000
0.852373,benefitting,benefiting
0.852167,libya,iraq
0.852161,torah,bible
0.852119,flabbergasted,dumbfounded
0.852080,p.m.,a.m.
0.852056,selfreflection,introspection
0.851946,whiney,whiny
0.851700,150k,200k
0.851504,stock,stocks
0.851380,90k,80k
0.851187,wealth_redistribution,redistribution
0.851132,occuring,occurring
0.850962,koolaid,kool_aid
0.850838,96,82
0.850715,uhm,umm
0.850646,1998,2002
0.850621,{,}
0.850538,61,82
0.850229,criticised,criticized
0.849982,shitheads,assholes
0.849464,h1b_visas,h1b
0.849402,is/was,was/is
0.849361,"15,000","50,000"
0.849110,militias,militia
0.848834,lefty,leftie
0.848787,1/4,1/3
0.848617,planned_parenthood,pp
0.848602,woops,oops
0.848564,1.3,1.4
0.848478,detest,despise
0.848466,fallacies,logical_fallacies
0.848144,the_donald,t_d
0.848019,500k,200k
0.847922,1000s,hundreds
0.847600,37,79
0.847145,edward_snowden,snowden
0.847047,thirties,30s
0.846606,guerilla,guerrilla
0.846512,39,33
0.846468,47,46
0.846440,ca,cant
0.846391,antihillary,prohillary
0.846306,19,29
0.846156,25k,50k
0.846088,realised,realized
0.845871,idaho,wyoming
0.845786,feefees,fee_fees
0.845540,newsweek,politico
0.845491,dickheads,assholes
0.845280,w,bush
0.845262,farthest,furthest
0.845249,preibus,priebus
0.845139,trucks,cars
0.845136,muller,mueller
0.845081,imbeciles,morons
0.845043,00s,90s
0.844948,hippie,hippy
0.844894,early_2000s,90s
0.844778,hahahah,hahahaha
0.844665,2k,5k
0.844606,nominations,nominees
0.844584,shortcomings,failings
0.844498,57,46
0.844259,somebody,someone
0.844227,maths,math
0.844177,1400,1500
0.844144,accidently,accidentally
0.844031,dumbfucks,morons
0.843990,financed,funded
0.843927,rebut,refute
0.843832,fortunately,thankfully
0.843818,worshiping,worshipping
0.843805,naziism,nazism
0.843796,protestants,catholics
0.843564,homogeneous,homogenous
0.843276,minnesota,maine
0.843137,mindboggling,astounding
0.843133,syrian_rebels,rebels
0.842932,filibustering,filibuster
0.842597,pres,prez
0.842574,texas,mississippi
0.842544,northam,gillespie
0.842520,suckered,duped
0.842489,meuller,mueller
0.842460,loons,nutjobs
0.842435,missles,missiles
0.842114,fanfiction,fanfic
0.841960,instigate,provoke
0.841935,buddhists,muslims
0.841889,ummm,umm
0.841859,selfabsorbed,narcissistic
0.841855,dirtbag,scumbag
0.841789,slimey,slimy
0.841704,2006,2004
0.841702,pricey,expensive
0.841648,700,400
0.841599,maralago,lago
0.841564,abrahamic_religions,religions
0.841462,soooooo,soooo
0.841258,"35,000","50,000"
0.841003,m4,m16
0.840960,pompous,arrogant
0.840876,mr,mr.
0.840652,rumour,rumor
0.840431,recieved,received
0.840386,cloture,filibuster
0.840326,gmos,gmo
0.840308,75k,50k
0.840303,doxxing,doxing
0.840240,ol,ole
0.840201,millenial,millennial
0.840138,pressers,press_conferences
0.840053,silencers,suppressors
0.839971,busses,buses
0.839963,jan.,january
0.839907,'18,2018
0.839729,patagonia,ll_bean
0.839712,ohhhh,ohhh
0.839611,'80s,80s
0.839605,7000,4000
0.839293,dieing,dying
0.839240,125,800
0.839114,mlb,nba
0.839099,1300,800
0.838835,soo,sooo
0.838714,plea_bargain,plea
0.838654,18k,15k
0.838626,3.5,1.5
0.838478,dipshit,dumbass
0.838285,osama_bin,bin_laden
0.838186,t.v,tv
0.838170,69,31
0.838129,mmm,mmmm
0.837997,farleft,farright
0.837892,islamists,extremists
0.837780,120k,80k
0.837673,bamboozled,duped
0.837571,douche_bag,douchebag
0.837439,averaging,averaged
0.837415,sarin_gas,chemical_weapons
0.837323,2530,3040
0.837295,xd,lmao
0.837184,anti_semitic,antisemitic
0.836945,ginsberg,ginsburg
0.836678,1m,250k
0.836666,purposeful,deliberate
0.836565,350,150
0.836269,celebs,celebrities
0.835992,wire_tap,wiretap
0.835845,karl_marx,marx
0.835546,ds,rs
0.835345,washington_examiner,politico
0.835266,goldman,goldman_sachs
0.835235,43,41
0.835176,refering,referring
0.834843,obl,bin_laden
0.834809,douchebags,assholes
0.834730,foodstamps,food_stamps
0.834679,embarassing,embarrassing
0.834593,shitton,ton
0.834569,5+,10+
0.834538,isil,al_qaeda
0.834405,nineties,90s
0.834391,1989,1999
0.834385,irancontra,iran_contra
0.834380,methodist,baptist
0.834366,1996,2004
0.834008,joe_manchin,manchin
0.833923,wackos,nutjobs
0.833844,7pm,5pm
0.833844,27th,24th
0.833399,idealogy,ideology
0.833317,"1,200","50,000"
0.833239,niece,nephew
0.833191,garbage,trash
0.833140,foxnews,fox
0.833066,tossed,thrown
0.832937,hah,haha
0.832936,2.4,1.5
0.832859,begrudgingly,reluctantly
0.832766,canceling,cancelling
0.832749,arizona,maine
0.832677,politifact,snopes
0.832617,/r/conspiracy,r/conspiracy
0.832510,1940,1920
0.832200,..i,.i
0.832181,moaning,whining
0.832088,sceptical,skeptical
0.831994,wether,whether
0.831968,loads,tons
0.831689,andrew,david
0.831663,td,t_d
0.831399,southeast,northeast
0.831393,boomer,baby_boomer
0.831312,lololol,lmfao
0.831080,benefitted,benefited
0.831070,kentucky,maine
0.830904,hm,hmm
0.830765,nooo,noooooo
0.830668,trumpers,libs
0.830505,emission,emissions
0.830263,18th,15th
0.830134,cruz,ted_cruz
0.829967,8k,15k
0.829877,5th_grade,6th_grade
0.829815,guerrilla,guerilla
0.829730,fuckheads,assholes
0.829710,caucasians,whites
0.829534,indisputable,undeniable
0.829516,77,78
0.829120,antifas,antifa
0.828846,nutters,nutjobs
0.828808,cringy,cringey
0.828778,paris_accord,paris_agreement
0.828762,conned,duped
0.828743,mao,stalin
0.828714,farright,farleft
0.828589,theatre,theater
0.828582,cus,cuz
0.828495,superpac,pac
0.828466,aug,feb
0.828443,awwww,awww
0.828363,ossof,ossoff
0.828358,tabloids,tabloid
0.828253,oooh,oooo
0.828133,tomahawk,tomahawks
0.828049,illiberal,authoritarian
0.827996,heh,haha
0.827951,sept.,oct.
0.827882,flak,flack
0.827857,offences,offenses
0.827835,1200,2500
0.827679,quo,quid_pro
0.827621,hindus,muslims
0.827583,.but,..but
0.827515,30th,31st
0.827463,effecting,affecting
0.827443,washpo,wapo
0.827417,e,c
0.827388,tomahawk_missiles,tomahawks
0.827232,regan,reagan
0.827190,4am,3am
0.827034,130,150
0.827021,nonmuslims,muslims
0.826861,6.5,1.5
0.826827,"9,000","35,000"
0.826806,ridiculousness,absurdity
0.826776,10m,$
0.826612,38,33
0.826603,r/worldnews,worldnews
0.826572,7k,15k
0.826475,yeah..,yea
0.826246,whelp,welp
0.826121,2022,2018
0.826118,moreover,additionally
0.825814,wire_tapped,wiretapped
0.825793,edit2,edit
0.825708,succinctly,eloquently
0.825686,anthony_wiener,anthony_weiner
0.825677,/all,r/all
0.825533,1.6,1.5
0.825393,fusiongps,fusion_gps
0.825356,ohhh,ohh
0.825349,supermarket,grocery_store
0.825299,north_carolina,nc
0.825219,ph.d.,phd
0.825208,competency,competence
0.825120,daily_caller,politico
0.825070,m.,j.
0.824974,"200,000","3,000"
0.824940,16th,8th
0.824766,2.2,2.4
0.824314,proabortion,prochoice
0.824230,circumcision,fgm
0.824129,ad,advertisement
0.824048,childbirth,pregnancy
0.824001,fuckhead,asshat
0.823791,traveling,travelling
0.823679,wat,wut
0.823484,ooh,oooo
0.823254,nutcase,nutjob
0.823129,ahaha,hahaha
0.823091,unadulterated,pure
0.823071,6am,3am
0.823029,net_neutrality,nn
0.822988,prolgbt,progay
0.822988,astonished,amazed
0.822927,celeb,celebrity
0.822888,lybia,libya
0.822846,2.6,1.4
0.822819,selfesteem,self_esteem
0.822803,1995,2002
0.822671,yeh,yeah
0.822634,trumpsters,libs
0.822600,semi_automatic,semi_auto
0.822595,colour,color
0.822549,neighbourhood,neighborhood
0.822403,86,82
0.822283,94,82
0.822280,feb.,oct.
0.822156,4050,40
0.822132,gloria_allred,allred
0.822040,huffpost,politico
0.821965,13k,15k
0.821921,&,gt
0.821865,3/4,2/3
0.821692,fuckton,ton
0.821440,julian_assange,assange
0.821261,gutless,spineless
0.821157,relevancy,relevance
0.821117,shia,sunni
0.820547,üòÇüòÇüòÇ,lolol
0.820436,archive,archives
0.820409,tripled,doubled
0.820381,28th,26th
0.820236,faster,quicker
0.820132,1997,1999
0.820050,1.7,1.2
0.819982,posses,possess
0.819898,mcmasters,mcmaster
0.819887,240,150
0.819472,egotistical,narcissistic
0.819315,tampa,downtown
0.819277,wp,nytimes
0.819064,fnc,fox
0.819009,charles,richard
0.818810,58,53
0.818780,le_pen,macron
0.818692,apologise,apologize
0.818391,donna_brazille,donna_brazile
0.818213,.5,0.5
0.817967,repost,reposted
0.817782,1.8,1.4
0.817732,hahahahah,hahahahaha
0.817616,waaay,wayyy
0.817545,w._bush,bush
0.817480,lucifer,satan
0.817121,n.,s.
0.817054,blond,blonde
0.816990,3.2,1.4
0.816960,ding_ding,ding
0.816811,nieces,siblings
0.816633,~20,40
0.816581,"11,000","35,000"
0.816429,‚â†,=/=
0.816380,forty,thirty
0.816320,elites,elitists
0.816316,marxists,socialists
0.816092,bussing,busing
0.816027,9am,noon
0.816004,calamity,catastrophe
0.815964,a.k.a,aka
0.815933,fairytale,fairy_tale
0.815836,xi_jinping,xi
0.815825,2028,2024
0.815688,'70s,70s
0.815594,'90s,90s
0.815576,murkowski,corker
0.815496,govts,governments
0.815479,uh..,uh
0.815260,hilldog,shillary
0.815249,silencer,suppressor
0.815181,underaged,underage
0.815171,ahahahaha,lmfao
0.815153,hw,bush
0.815127,spicy,spicey
0.815085,barbecue,bbq
0.815054,1940s,1930
0.814901,14k,12k
0.814882,mn,nj
0.814691,ryancare,trumpcare
0.814615,76,78
0.814477,73,31
0.814389,criticise,criticize
0.814227,"8,000","3,000"
0.814154,webpage,website
0.814055,peice,piece
0.813797,fifteen,thirty
0.813748,roller_coaster,rollercoaster
0.813686,aren't,are
0.813650,sarin,chemical_weapons
0.813529,marine_corps,navy
0.813513,ew,ewww
0.813355,network,networks
0.813331,400k,250k
0.813298,hilldawg,shillary
0.813186,sputnik,rt
0.813131,'ol,ole
0.812815,fatality,fatalities
0.812675,/r/worldnews,worldnews
0.812614,ahole,asshole
0.812597,overview,summary
0.812492,ooo,oooo
0.812319,conservativism,conservatism
0.812090,restrooms,bathrooms
0.812090,import,imports
0.811859,shouts,yells
0.811824,altleft,altright
0.811677,instituting,implementing
0.811668,selfloathing,self_loathing
0.811457,fifty,sixty
0.811438,huffington,politico
0.811327,i.d,ids
0.811251,oh..,uh
0.811102,ima,imma
0.810886,1.1,1.2
0.810817,undocumented,immigrant
0.810737,1969,1981
0.810735,mideast,middle_east
0.810669,militaryindustrial_complex,industrial_complex
0.810659,aug.,feb.
0.810633,mohammed,mohammad
0.810573,jails,prisons
0.810567,selfpreservation,self_preservation
0.810535,eta,edit
0.810527,cruise_missile,missiles
0.810435,nutcases,nutjobs
0.810397,lackey,stooge
0.810181,preteen,teenage
0.810151,decriminalization,legalization
0.809970,norway,denmark
0.809827,shrieking,screeching
0.809809,transphobia,homophobia
0.809686,painkillers,medication
0.809667,sixties,60s
0.809643,2pm,9am
0.809588,schtick,shtick
0.809382,alan,richard
0.809362,;,gt
0.809250,granddaughter,daughter
0.809200,dept,department
0.809089,'12,2008
0.809089,deficits,deficit
0.808987,trotsky,lenin
0.808973,marijuana_legalization,legalization
0.808841,sacramento,los_angeles
0.808794,1930s,1930
0.808743,amiright,amirite
0.808593,2x,3x
0.808580,taliban,rebels
0.808555,self_proclaimed,selfproclaimed
0.808502,boarders,borders
0.808498,tump,djt
0.808496,135,160
0.808454,29th,24th
0.808431,fiance,hubby
0.808407,6pm,5pm
0.808281,capone,al_capone
0.808272,globalism,globalization
0.808138,criticising,criticizing
0.807795,egalitarianism,collectivism
0.807729,"18,000","5,000"
0.807728,3pm,2pm
0.807615,‚Ä¶,‚Äù
0.807614,..they,.they
0.807533,"60,000","5,000"
0.807210,pundit,commentator
0.807204,bicycle,bike
0.806910,2.3,1.2
0.806905,missle,missile
0.806867,speach,speech
0.806836,abetting,aiding
0.806775,buzzfeed,wapo
0.806577,nifty,neat
0.806486,dolts,morons
0.806368,1981,1970
0.806367,prof,professor
0.806337,1941,1945
0.806029,cellphones,cell_phones
0.805914,shepard_smith,fox
0.805862,ooops,whoops
0.805858,civilised,civilized
0.805846,1971,1981
0.805828,72,23
0.805816,f.,c.
0.805739,yikes,wow
0.805682,seventh,sixth
0.805639,inc,inc.
0.805578,schiff,nunes
0.805532,45k,80k
0.805426,5am,4am
0.805375,reduced,increased
0.805350,5d_chess,4d_chess
0.805270,howard,jay
0.805215,disparage,denigrate
0.805197,"7,000","50,000"
0.805197,brownshirts,brown_shirts
0.805176,arnt,arent
0.805015,6070,7080
0.804907,"22,000","50,000"
0.804848,74,31
0.804657,dissonance,cognitive_dissonance
0.804652,excludes,includes
0.804515,trayvon_martin,trayvon
0.804437,guatemala,honduras
0.804137,rediculous,ridiculous
0.804131,child_molesters,pedophiles
0.803954,counterargument,retort
0.803764,fallon,jimmy_fallon
0.803633,83,78
0.803537,"2,500","5,000"
0.803069,spikes,spike
0.802992,dawg,brah
0.802907,marxist,socialist
0.802872,fullauto,semiauto
0.802866,serfdom,feudalism
0.802849,aholes,assholes
0.802666,copy/paste,copy_paste
0.802389,equivalency,equivalence
0.802198,detestable,vile
0.802089,dependant,dependent
0.802026,3.,2.
0.801991,bused,bussed
0.801946,mi,wi
0.801929,2am,3am
0.801788,8am,10am
0.801785,antidepressants,medication
0.801721,kooks,nutjobs
0.801552,firefox,browser
0.801455,temper_tantrums,tantrums
0.801450,southeast_asia,asia
0.801219,convos,conversations
0.801189,anderson_cooper,tucker
0.801137,early_1900s,1800s
0.801134,goddam,goddamn
0.801103,weimar,weimar_republic
0.801101,"10,000,000",1m
0.800997,serbia,bulgaria
0.800994,~50,3040
0.800788,1b,billion
0.800617,sexists,homophobes
0.800522,170,130
0.800470,pertains,relates
0.800372,hmmmm,hmmm
0.800209,coat,jacket
0.800097,wayyy,waaaaay
0.800091,nevada,maine
0.799821,albert,edward
0.799816,bahahaha,lmfao
0.799797,6k,15k
0.799722,1962,1991
0.799472,recognise,recognize
0.799393,unify,unite
0.799270,"120,000","50,000"
0.799159,grinning,smiling
0.798930,teet,teat
0.798815,abiding,lawabiding
0.798755,mistrust,distrust
0.798747,portman,collins
0.798713,nagasaki,hiroshima
0.798570,pounds,lbs
0.798404,ewww,eww
0.798392,doofus,buffoon
0.798377,george_h.w,george_w.
0.798323,wayyyy,wayyy
0.798233,nypost,wapo
0.798140,6+,2+
0.798133,leftwingers,rightwingers
0.797964,nephews,siblings
0.797952,fk,fck
0.797816,comet_ping,comet_pizza
0.797773,grammer,spelling
0.797585,1/3rd,1/3
0.797494,3d_chess,4d_chess
0.797346,infuriated,enraged
0.797277,personification,embodiment
0.797231,horrifically,horribly
0.797161,antifascism,fascism
0.797110,prophecies,prophecy
0.797063,1700s,18th_century
0.797033,"14,000","1,200"
0.796967,san_diego,san
0.796928,1994,2004
0.796887,christopher_steele,steele
0.796842,chris_hayes,tucker
0.796839,175,450
0.796383,joe_scarborough,jake_tapper
0.796259,wikileak,wikileaks
0.796242,8090,95
0.796110,taping,recording
0.796062,benjamin,richard
0.795876,u.k,uk
0.795730,1950,1950s
0.795726,twit,twat
0.795713,illinformed,uninformed
0.795697,elated,ecstatic
0.795678,buffoons,fools
0.795555,carter,george_w.
0.795481,g,c
0.795478,nooooo,noooooo
0.795451,ambivalent,indifferent
0.795434,maddening,infuriating
0.795360,23rd,24th
0.795346,pizzagate,pizza_gate
0.795153,91,83
0.795124,antirussian,antirussia
0.795115,freeways,highways
0.795105,fearmongering,fear_mongering
0.794885,frontpage,r/all
0.794769,paedophilia,pedophilia
0.794768,commander,commanderinchief
0.794755,jacksonville,houston
0.794741,4+,3+
0.794544,blah_blah,blah
0.794517,centres,centers
0.794496,oooooh,ooooh
0.794263,10am,3pm
0.794248,lel,lul
0.794160,550,700
0.794080,buisness,business
0.793977,feckless,ineffectual
0.793969,no..,umm
0.793858,81,82
0.793772,70k,200k
0.793764,pnw,socal
0.793745,blathering,babbling
0.793702,stepdad,dad
0.793606,1985,1981
0.793457,maddow,hannity
0.793449,dickhead,douchebag
0.793234,ukranian,ukrainian
0.793215,stanford,princeton
0.793188,nyu,harvard
0.793163,hatefilled,hateful
0.793067,blue,red
0.793048,beleive,believe
0.793042,jihadi,jihadist
0.792984,adorable,cute
0.792931,burr,grassley
0.792903,false_equivalency,false_equivalence
0.792898,gymnastics,mental_gymnastics
0.792873,"600,000","300,000"
0.792787,win/win,winwin
0.792759,semantic,semantics
0.792758,89,78
0.792726,dick_cheney,cheney
0.792719,neighbour,neighbor
0.792700,recognised,recognized
0.792652,boosts,boost
0.792522,aaand,aaaaand
0.792479,kasich,ted_cruz
0.792430,sotomayor,alito
0.792421,chris_wallace,fox
0.792416,islamophobic,antisemitic
0.792379,3+,4+
0.792180,presently,currently
0.792154,carlin,george_carlin
0.791996,protestantism,christianity
0.791928,dumbfuck,dumbass
0.791923,z,x
0.791717,sketches,skits
0.791674,egyptians,greeks
0.791618,hur_dur,hurr_durr
0.791461,stumping,campaigning
0.791090,joshua,daniel
0.791045,performed,moderators
0.790970,trumprussia,trump/russia
0.790939,3.3,1.4
0.790928,1.9,1.2
0.790894,~30,5060
0.790859,93,92
0.790800,mentally_ill,mentally_unstable
0.790548,plato,aristotle
0.790531,shitstains,scumbags
0.790440,shapiro,ben_shapiro
0.790426,2.7,1.3
0.790318,frothing,foaming
0.790261,snapchat,instagram
0.790257,wierd,weird
0.790211,palestinian,palestine
0.790195,r/t_d,/politics
0.790176,despots,dictators
0.790121,"1,500","50,000"
0.790105,mujahideen,rebels
0.790075,wl,wikileaks
0.789970,lolololol,hahahahahaha
0.789880,san_antonio,houston
0.789765,1:30,2:30
0.789753,panhandle,northeast
0.789722,antiabortion,prolife
0.789559,sean_hannity,jake_tapper
0.789549,shitposts,posts
0.789513,christ,jesus_christ
0.789468,repulsed,disgusted
0.789455,vilifying,demonizing
0.789455,1012,40
0.789269,irritated,annoyed
0.789143,3.6,1.5
0.789090,105,76
0.789060,15+,10+
0.788878,spotify,hulu
0.788549,shitposters,trolls
0.788546,lieing,lying
0.788529,confederate_monuments,confederate_statues
0.788514,richard,harold
0.788487,per_cent,percent
0.788369,george_hw,bush
0.788369,jun,dec
0.788107,afghans,iraqis
0.788092,interpreter,translator
0.788073,750,900
0.787943,bibi,netanyahu
0.787783,kim_jung,kim_jong
0.787753,independant,independent
0.787718,stepfather,dad
0.787656,1976,2004
0.787625,wire_taps,wiretaps
0.787324,8pm,10pm
0.787283,selfdescribed,selfproclaimed
0.787274,loonies,nutjobs
0.787093,84,78
0.786960,aaaaaand,aaaand
0.786936,lolz,lolol
0.786911,att,comcast
0.786858,saturdays,weekends
0.786846,speculative,speculation
0.786740,imported,imports
0.786637,paired,coupled
0.786494,ruth_bader,ginsburg
0.786407,'til,till
0.786232,keyboards,keyboard
0.786224,fixation,obsession
0.786040,noooo,noooooo
0.785872,gowdy,chaffetz
0.785800,goalpost,goalposts
0.785657,rx,prescription
0.785387,79,78
0.785374,yuuuuge,yuge
0.785332,cincinnati,atlanta
0.785270,lore,mythology
0.785211,jim,james
0.785047,golfs,golfing
0.784930,uni,undergrad
0.784910,mccabe,nunes
0.784789,monarch,monarchy
0.784787,3500,800
0.784785,sanction,sanctions
0.784734,africanamericans,blacks
0.784546,5x,4x
0.784474,thedonald,t_d
0.784442,5.5,1.5
0.784142,dafuq,wtf
0.783930,broadcasting,broadcast
0.783913,witchhunt,witch_hunt
0.783912,essentials,necessities
0.783819,"90,000","50,000"
0.783581,99.99,99
0.783562,"6,000",6000
0.783508,üòÇüòÇ,lmao
0.783500,peace_prize,nobel_peace
0.783300,st._louis,baltimore
0.783249,misogynists,sexists
0.783242,revamp,overhaul
0.783217,tunes,tune
0.783211,^^^what_^^^is,^^^this
0.783207,memphis,charleston
0.783201,stunning,astonishing
0.783195,b.,a.
0.783167,colours,colors
0.783119,"75,000","200,000"
0.783063,pineapple,sandwich
0.783002,golfed,golfing
0.782967,5m,$
0.782960,2.1,2.8
0.782896,chris_matthews,tucker
0.782779,saudi_arabian,saudi
0.782726,dday,normandy
0.782697,astounds,amazes
0.782649,koreas,sk
0.782613,90+,95
0.782467,hahahahahahaha,hahahahahaha
0.782465,/pol,pol
0.782399,blonde,blond
0.782353,chucked,tossed
0.782341,synopsis,summary
0.782304,tiki_torches,torches
0.782116,organise,organize
0.781992,woohoo,yay
0.781960,aokay,aok
0.781928,1978,1997
0.781836,100m,$
0.781771,50m,$
0.781631,antiblack,antiwhite
0.781612,sht,shit
0.781589,berkley,berkeley
0.781461,untill,till
0.781208,authoritarians,totalitarians
0.780967,..but,.but
0.780873,realising,realizing
0.780824,ks,fl
0.780542,happend,happened
0.780421,shariablue,shareblue
0.780410,dolt,moron
0.780367,kim_jong,kim_jongun
0.780230,brooks,lewis
0.780083,dislikes,hates
0.780031,salon.com,huffpo
0.779990,suvs,cars
0.779919,appalachia,midwest
0.779824,radicalised,radicalized
0.779803,westboro,westboro_baptist
0.779506,despot,dictator
0.779401,sidewalks,roads
0.779353,unintentionally,intentionally
0.779333,mindblowing,astounding
0.779330,unrelenting,relentless
0.779259,solider,soldier
0.779082,bonkers,insane
0.778922,dt,djt
0.778899,worshipped,worshiped
0.778833,disavowing,denouncing
0.778813,cocacola,coca_cola
0.778676,god,almighty
0.778672,'16,2016
0.778635,erm,uh
0.778603,rachel_maddow,tucker_carlson
0.778513,m.o,modus_operandi
0.778471,750k,200k
0.778451,susan_collins,collins
0.778420,confirmation_hearings,hearings
0.778330,wire_tapping,wiretapping
0.778274,warehouses,warehouse
0.778117,bozos,asshats
0.778109,cockholster,cock_holster
0.778028,mar,lago
0.777960,jim_acosta,reporter
0.777563,waaaaaay,wayyy
0.777522,kaep,kap
0.777461,33k,"33,000"
0.777236,arthur,albert
0.777196,ghwb,bush
0.777135,1966,1981
0.777110,resolute_desk,desk
0.777107,overestimating,overestimate
0.777100,mentally_ill.,mentally_ill
0.777048,moustache,mustache
0.777042,shriek,screech
0.776964,innately,inherently
0.776955,dailycaller,huffpo
0.776933,when/if,if/when
0.776925,passiveaggressive,passive_aggressive
0.776884,arrived,arrive
0.776862,incidental_collection,unmasking
0.776857,538,rasmussen
0.776588,pharmaceuticals,pharmaceutical
0.776557,fresno,houston
0.776526,disallow,prohibit
0.776519,humankind,mankind
0.776429,11k,3k
0.776350,quotations,quotation_marks
0.776308,madman,maniac
0.776263,auditing,audits
0.776129,juan,carlos
0.776087,armageddon,apocalypse
0.776076,tucson,tx
0.776026,oreilly,o'reilly
0.775940,rumsfeld,cheney
0.775908,refrigerator,fridge
0.775903,islamophobia,homophobia
0.775888,fuckwads,assholes
0.775622,m1,m16
0.775591,northern_ireland,ireland
0.775461,snide,snarky
0.775393,shhh,shhhhh
0.775375,mitchell,richard
0.775275,ummmm,umm
0.774920,shep_smith,fox
0.774860,accomplices,conspirators
0.774835,thirteen,twelve
0.774828,del,el
0.774624,nomenclature,terminology
0.774611,the_d,/politics
0.774563,kittens,puppies
0.774522,h.w,bush
0.774513,"13,000","25,000"
0.774511,210,36
0.774453,diddle,molest
0.774031,tapper,tucker
0.773997,shs,spicer
0.773986,completly,completely
0.773951,birth_defects,illnesses
0.773931,bricks,rocks
0.773859,traffickers,smugglers
0.773778,annnnd,aaaaand
0.773584,kagan,alito
0.773543,knelt,kneeled
0.773402,gs,goldman_sachs
0.773394,fourteen,twelve
0.773220,shrimp,pork
0.773115,intersectional,intersectionality
0.773088,bluecollar,blue_collar
0.773082,kfc,steak
0.772867,31,28
0.772825,hahahahahahahaha,hahahahahaha
0.772701,deniability,plausible_deniability
0.772670,degenerative,neurological
0.772652,1100,900
0.772613,cherrypicked,cherry_picked
0.772442,san_bernadino,boston_marathon
0.772367,nonmuslim,muslim
0.772326,prc,china
0.772313,downvoting,upvoting
0.772226,25+,40+
0.772220,nom,nomination
0.772161,steele_dossier,dossier
0.772107,kale,doritos
0.772103,stl,sf
0.772003,kook,loon
0.771856,truely,truly
0.771774,jacob,daniel
0.771695,bureaucracies,bureaucracy
0.771676,cures,cure
0.771646,terrifies,scares
0.771618,doug,bob
0.771469,josh,matt
0.771297,grand_juries,indictments
0.771047,commendable,admirable
0.770898,raleigh,downtown
0.770784,fiancee,fiance
0.770741,ike,reagan
0.770571,nunez,nunes
0.770553,gregory,j.
0.770523,myanmar,malaysia
0.770377,aaron,christopher
0.770333,finland,estonia
0.770262,bullcrap,bullshit
0.770128,.just,..
0.769914,marchers,protesters
0.769776,loathsome,vile
0.769599,disconcerting,unsettling
0.769451,luke,matthew
0.769300,wellspoken,charismatic
0.769123,shitbird,scumbag
0.768864,spd,cdu
0.768856,fidel_castro,castro
0.768749,stephen_colbert,colbert
0.768713,shitposter,troll
0.768673,pa.,wi
0.768669,sly,slick
0.768605,1/5,1/3
0.768359,lithuania,estonia
0.768274,brietbart,breitbart
0.768215,iceland,norway
0.768206,inferred,implied
0.768200,220,250
0.768161,lockheed_martin,boeing
0.768054,hubby,husband
0.768033,yuuuge,yuge
0.768026,georgetown,yale
0.767898,whacko,wacko
0.767873,rochester,nw
0.767734,goodman,matt
0.767720,sessions,rosenstein
0.767711,voter_suppression,gerrymandering
0.767590,morbidly_obese,obese
0.767534,v,v.
0.767489,deployed,stationed
0.767424,80k,200k
0.767319,indiana,maine
0.767151,.oh,..oh
0.767042,oooo,ooh
0.766998,chelsea_manning,manning
0.766918,kapernick,kaepernick
0.766813,michael,david
0.766693,810,1520
0.766681,louisville,atlanta
0.766639,sw,nw
0.766543,charlotte,downtown
0.766531,jake_tapper,tucker_carlson
0.766495,chemotherapy,chemo
0.766457,isle,aisle
0.766455,lol..,lmao
0.766280,pancakes,sandwiches
0.766128,tulsi_gabbard,tulsi
0.766084,demean,denigrate
0.765859,lockheed,boeing
0.765733,104,29
0.765730,.then,.and
0.765678,donna,brazile
0.765644,petrol,oil
0.765372,hmmmmm,hmmm
0.765292,1700,1800
0.765251,philip,richard
0.765242,screenshot,link
0.765140,hilter,hitler
0.765117,favours,favors
0.765101,fascistic,authoritarian
0.765034,lambasted,criticized
0.764920,jokers,clowns
0.764868,pertain,pertaining
0.764858,implausible,plausible
0.764662,mount_rushmore,rushmore
0.764566,murdoch,rupert_murdoch
0.764508,kickstarter,crowdfunding
0.764459,firemen,firefighters
0.764362,saviour,savior
0.764290,sasse,corker
0.764128,drudge,msnbc
0.763981,pits,pit
0.763938,fucken,fucking
0.763936,sep,dec
0.763901,hiphop,hip_hop
0.763893,flamethrower,baseball_bat
0.763871,greenwald,glenn_greenwald
0.763638,aspirin,tylenol
0.763632,fuckstick,fuckface
0.763515,dosent,doesnt
0.763355,sikhs,muslims
0.763303,time..,time
0.763282,kc,dfw
0.763275,libyan,iraqi
0.763068,collateral_damage,civilian_casualties
0.762852,nt,scripture
0.762651,ron,collins
0.762618,"45,000","50,000"
0.762599,uc,university
0.762550,inquiries,investigations
0.762528,debbie_wasserman,donna_brazile
0.762526,oppo,oppo_research
0.762431,roman_catholic,baptist
0.762223,admittance,admission
0.762205,san_fran,seattle
0.762185,brigading,shariablue
0.762078,lapdog,stooge
0.761981,1957,1967
0.761933,2040,2030
0.761901,capito,collins
0.761891,o.,j.
0.761625,bizzare,bizarre
0.761594,ohhhhh,ohhh
0.761523,evans,richard
0.761490,ahahaha,lmfao
0.761479,3.8,1.4
0.761321,ooooo,oooo
0.761191,pickup_truck,backpack
0.761160,hanukkah,christmas
0.761091,280,140
0.760864,hindu,christian
0.760844,jan_20th,january_20th
0.760805,smdh,smh
0.760754,nz,australia
0.760698,rapist,child_molester
0.760692,onerous,burdensome
0.760546,waffles,tacos
0.760524,dosage,caffeine
0.760429,reed,lewis
0.760309,horizontal,vertical
0.760282,irritates,annoys
0.760236,reposts,posts
0.760176,.if,..
0.760162,..it,.it
0.760139,intercepts,intercepted
0.760112,sneakers,shoes
0.760046,litterally,literally
0.760042,coconspirators,conspirators
0.759991,100000,1000
0.759912,photoshopped,shopped
0.759764,newsmax,breitbart
0.759710,slc,area
0.759622,irks,annoys
0.759595,libcucks,lolololol
0.759581,Õ°¬∞_Õú ñ,Õ°¬∞
0.759560,schumer,mitch_mcconnell
0.759423,ehhh,ehh
0.759352,rustled,jimmies
0.759264,103,26
0.759184,shareblue,huffpo
0.759164,leeching,leech
0.758931,na√Øve,naive
0.758896,115,36
0.758753,barrett,daniel
0.758686,hillarious,hilarious
0.758497,50100,1020
0.758454,xenophobe,bigot
0.758279,proclinton,antihillary
0.758230,smelly,stinky
0.757757,san_bernardino,boston_marathon
0.757749,hooray,yay
0.757713,chastise,berate
0.757596,overstaying,overstay
0.757509,repercussion,repercussions
0.757473,ovens,gas_chambers
0.757375,barrage,onslaught
0.757304,mushroom,chili
0.757298,synthetic,plastics
0.757248,jeeze,jeez
0.757165,bbbut,bbut
0.757010,young_turks,tyt
0.756914,shitstain,pos
0.756893,folks,peeps
0.756860,jason,smith
0.756582,hank,bobby
0.756358,1974,january
0.756347,irate,enraged
0.756321,bj,blowjob
0.756301,j/k,jk
0.756299,probs,prolly
0.756118,spelt,spelled
0.756098,well..,yeah
0.756068,lbgt,lgbt
0.755994,spammers,bots
0.755932,hmm..,hmm
0.755921,mayonnaise,chocolate
0.755807,flashback,flashbacks
0.755768,shitpost,troll
0.755676,üéµ,üé∂
0.755133,pong,comet_pizza
0.755053,agitprop,propaganda
0.754933,.maybe,..
0.754915,jeffrey,david
0.754912,cabbage,butter
0.754844,brazille,donna_brazile
0.754817,cooper,brett
0.754815,cannons,rifles
0.754751,nword,racial_slurs
0.754606,mj,marijuana
0.754507,parker,neil
0.754504,ha_ha,hahahahahaha
0.753967,olbermann,tucker
0.753962,silk,leather
0.753961,moab,tomahawks
0.753904,belgium,singapore
0.753833,guantanamo_bay,gitmo
0.753642,strawberry,tacos
0.753592,chuckles,laughs
0.753516,politcal,political
0.753141,chumps,fools
0.752975,4.4,2.2
0.752899,pedophile,child_molester
0.752774,meanspirited,spiteful
0.752590,stark_contrast,contrast
0.752587,jizz,cum
0.752506,instructing,instructed
0.752393,albany,los_angeles
0.752381,sr.,bush
0.752243,navy_seals,marines
0.752239,tom_cotton,sen
0.752034,3.1,2.5
0.752004,.01,0.01
0.751963,ahhhhh,ahhhh
0.751738,conditioning,brainwashing
0.751560,..that,.that
0.751520,wow..,wow
0.751404,seahawks,steelers
0.751349,justin_amash,amash
0.751338,20/20,hindsight
0.750753,frederick,joseph
0.750742,antiislam,antimuslim
0.750699,antilgbt,antigay
0.750603,usernames,alts
0.750549,craig,jason
0.750532,naivety,arrogance
0.750462,fify,ftfy
0.750425,saddest,funniest
0.750397,1947,1991
0.750307,ina,u.s.c
0.750238,minnesotan,texan
0.750195,trumper,libcuck
0.750117,bun,sandwich
0.749963,glen_beck,glenn_beck
0.749811,handshakes,handshake
0.749753,commas,punctuation
0.749743,sr,bush
0.749693,probes,probe
0.749402,.2,.1
0.749310,lindsay_graham,lindsey_graham
0.749218,puzzled,perplexed
0.748953,ri,ma
0.748907,finnish,german
0.748770,wolf_blitzer,reporter
0.748626,ben,chris
0.748611,jon_ossoff,handel
0.748534,geeze,jeez
0.748455,revisionism,revisionist
0.748358,el_paso,houston
0.748329,renovation,renovations
0.748314,col.,colonel
0.748253,boko_haram,kurds
0.748150,danish,italian
0.748025,dr,tl
0.747960,squander,squandered
0.747877,airstrip,airfield
0.747875,shitfest,shitshow
0.747742,rentals,renting
0.747624,interrogated,detained
0.747619,sooooooo,soooo
0.747537,f'ing,fucking
0.747492,carlson,colbert
0.747454,twitters,twitter
0.747438,lesbians,gay
0.747352,latvia,lithuania
0.747089,joe_arpaio,arpaio
0.747086,pinochet,mussolini
0.746878,alan_dershowitz,dershowitz
0.746777,minneapolis,downtown
0.746656,tyler,ross
0.746561,..oh,..
0.746557,precaution,precautions
0.746544,gq,tmz
0.746390,102,103
0.746231,noodles,loaf
0.746162,dominican_republic,thailand
0.746124,sickened,disgusted
0.746049,heath,health
0.745953,wooo,woot
0.745882,knuckles,wrists
0.745877,tuna,tacos
0.745866,s/,/s
0.745796,hav,havent
0.745782,09,2009
0.745694,duncan,lewis
0.745587,650,1.5
0.745510,112,33
0.745492,lebron,tom_brady
0.745417,screamed,screaming
0.745310,anderson,jessica
0.745270,comm,comms
0.745194,apr,dec
0.745136,huckabee,sarah
0.745080,scanner,scan
0.744692,supremely,incredibly
0.744681,patsy,stooge
0.744524,wretched,vile
0.744343,carr,brett
0.744236,bennett,bruce
0.744159,enrages,angers
0.743940,uzbekistan,malaysia
0.743904,envelopes,boxes
0.743895,oof,ouch
0.743886,lololololol,lmfao
0.743864,bahrain,kuwait
0.743861,5.7,1.2
0.743813,hahahahahahahahahaha,hahahahaha
0.743801,alpha,beta
0.743763,worshipers,worshippers
0.743725,ok..,yah
0.743705,uhhhhh,ummm
0.743692,shitloads,tons
0.743677,milo_yiannopoulos,milo
0.743634,270,306
0.743553,miners,coal_miners
0.743552,pew,survey
0.743535,fcking,goddam
0.743432,critiques,criticisms
0.743417,fairfax,county
0.743385,ü§£,lmfao
0.743367,harold,richard
0.743361,fisher,taylor
0.743341,.lol,..
0.743152,garland,merrick_garland
0.743128,congrats,congratulations
0.743122,sideshow,circus
0.742995,dementia,alzheimers
0.742708,kathy,kathy_griffin
0.742597,wales,ireland
0.742597,.wait,uhh
0.742559,..he,.he
0.742527,3.9,5.5
0.742492,marvel,scifi
0.742422,booker,manchin
0.742292,asswipe,fuckface
0.742266,costa_rica,thailand
0.742228,lewinsky,monica_lewinsky
0.742203,rightwinger,nutjob
0.742031,dennis,jason
0.741991,samuel,henry
0.741964,leahy,grassley
0.741940,rate,rates
0.741898,everlasting,eternal
0.741892,timber,shale
0.741752,temples,churches
0.741749,ancap,anarchist
0.741712,"750,000","250,000"
0.741688,spicey,spicer
0.741385,effing,fucking
0.741319,kenny,bobby
0.741311,kmart,walmart
0.741305,bbbbut,bbbut
0.741287,plebes,plebs
0.740974,üôÑ,lolol
0.740964,.right,..
0.740920,outlaws,outlaw
0.740834,seth_meyers,jimmy_fallon
0.740728,lloyd,ross
0.740699,reptile,reptilian
0.740541,carlos,jose
0.740427,brotherinlaw,wife
0.740386,politic,politics
0.740366,indiscriminate,civilians
0.740232,kevin,ross
0.740190,cnn.com,foxnews
0.740012,brave,courageous
0.740002,eighth,sixth
0.739867,so..,umm
0.739807,owing,owed
0.739448,decriminalize,legalize
0.739408,sushi,bbq
0.739225,catherine,taylor
0.739202,thigh,waist
0.739167,ramps,ramp
0.739139,bronx,brooklyn
0.739088,loretta_lynch,lynch
0.738827,dianne_feinstein,sen.
0.738715,aristocrats,aristocracy
0.738681,danny,jason
0.738604,hotdogs,hamburgers
0.738545,futurama,simpsons
0.738467,lobbies,lobby
0.738421,vlad,putin
0.738353,springfield,los_angeles
0.738266,pizza_hut,taco_bell
0.738243,dbag,douchebag
0.738217,enquirer,wapo
0.738151,turner,smith
0.738089,kardashian,celebrity
0.737997,boohoo,boo_hoo
0.737873,blake,matt
0.737786,plowed,chased
0.737724,floridian,texan
0.737665,dissect,analyze
0.737471,vibrant,thriving
0.737446,190,450
0.737363,peterson,murray
0.737308,üòä,üòÅ
0.737307,dev,programmer
0.737202,issa,flake
0.737189,yank,pull
0.737082,caitlyn_jenner,jenner
0.737002,lightening,lightning
0.736957,mails,emails
0.736889,soiled,stained
0.736805,spans,spanning
0.736738,commoners,peasants
0.736730,though..,tho
0.736611,sixteen,twelve
0.736545,abe_lincoln,abraham_lincoln
0.736492,mcd,mcdonalds
0.736479,icecream,ice_cream
0.736452,bewildered,dumbfounded
0.736370,christmas_eve,midnight
0.736278,usda,epa
0.736199,slew,plethora
0.736163,trumpet,libcuck
0.736156,norman,daniel
0.736152,tomorrow,monday
0.736142,kerry,romney
0.736107,ricky,nick
0.736106,boasting,bragging
0.736037,linguist,linguistics
0.735848,pelosi,mitch_mcconnell
0.735681,bryan,henry
0.735631,descriptor,adjective
0.735429,inspector,department
0.735428,woah_woah,whoa
0.735138,fing,f'ing
0.734958,borscht,vodka
0.734947,edits,edited
0.734931,cleveland,atlanta
0.734853,lawrence,jay
0.734764,eradication,extermination
0.734434,feinstein,sen
0.734415,trevor_noah,jimmy_fallon
0.734351,bbut,bbbut
0.734195,mustard,ketchup
0.734038,cory_booker,manchin
0.733649,rebuke,condemnation
0.733585,energized,energize
0.733569,jenkins,ross
0.733552,wew,wew_lad
0.733453,swamp,drain
0.733303,vladimir,putin
0.733271,adam_schiff,devin_nunes
0.733196,ll_bean,nordstrom
0.733188,lone_wolves,lone_wolf
0.733180,mens,womens
0.733101,carving,carved
0.733083,kyle,brian
0.732998,.1,0.1
0.732960,inflating,inflated
0.732803,khmer_rouge,stalin
0.732602,brad,harold
0.732573,funders,backers
0.732521,ann_coulter,milo
0.732311,hurr,hurr_durr
0.732275,shhhhh,shhhh
0.732224,pickles,chocolate
0.732146,emporer,emperor
0.732068,hotdog,sandwich
0.732053,dws,dnc
0.731921,despotic,dictatorial
0.731903,terroristic,terror
0.731894,forwarding,emailing
0.731885,algorithm,algorithms
0.731871,james_o'keefe,o'keefe
0.731870,jesse,lewis
0.731864,overjoyed,ecstatic
0.731802,cheque,invoice
0.731671,‚ô´,comin
0.731563,you..,ya
0.731563,mensch,cernovich
0.731492,trey_gowdy,elijah_cummings
0.731423,islamaphobic,antimuslim
0.731333,maligned,vilified
0.731256,extraction,oil
0.731092,119,29
0.731073,_,\
0.731007,chris_cuomo,tucker_carlson
0.731004,0.02,0.1
0.730639,praise,praises
0.730639,cic,secdef
0.730600,looooong,loooong
0.730593,dopey,goofy
0.730554,boente,rod_rosenstein
0.730551,consequently,thus
0.730225,slavers,confederates
0.729960,myers,curtis
0.729937,limbaugh,glenn_beck
0.729895,vincent,peter
0.729884,barrack,barack
0.729713,mitt,mittens
0.729509,bogeyman,boogeyman
0.729399,kurt,richard
0.729297,justin_trudeau,prime_minister
0.729237,todd,christopher
0.729211,champ,homie
0.729189,feet,foot
0.729135,obligatory,ps
0.729030,yeesh,jeez
0.728914,durr,hurr_durr
0.728872,sander,bernie
0.728804,ramen,loaf
0.728743,dale,jesse
0.728740,karl,jonathan
0.728556,whack,wack
0.728446,polarize,divide
0.728437,bangladesh,india
0.728395,tides,tide
0.728301,bho,obama
0.728223,sin,sinful
0.728203,meyer,gordon
0.728009,virtue_signalling,virtue_signaling
0.727962,friends/family,friends
0.727816,bucko,brah
0.727811,jeremy_corbyn,corbyn
0.727771,colon,liver
0.727593,cheetos,pancakes
0.727580,universal,healthcare
0.727574,abstained,voted
0.727286,dekalb,precincts
0.726958,spheres,sphere
0.726818,enslavement,subjugation
0.726631,hillbilly,hick
0.726536,gum,butter
0.726403,heals,heal
0.726206,terry,smith
0.726062,gore,perot
0.725855,des_moines,los_angeles
0.725828,pinko,commie
0.725670,morris,taylor
0.725618,whistle_blower,whistleblower
0.725332,assclown,asshat
0.725291,reno,charleston
0.725264,neuter,dismantle
0.725128,toxic_masculinity,masculinity
0.724956,grapes,wheat
0.724935,manipulations,manipulation
0.724913,pai,ajit_pai
0.724890,compatriots,countrymen
0.724771,impairment,neurological
0.724720,kneejerk_reaction,kneejerk
0.724720,shah,overthrew
0.724663,patty,sandwich
0.724617,300+,150
0.724606,defame,discredit
0.724573,biotech,tech
0.724563,journos,journalists
0.724529,institutes,institute
0.724520,laura_ingraham,jake_tapper
0.724472,gah,ugh
0.724392,reflective,reflects
0.724358,pharmacist,pharmacy
0.724252,arab_emirates,uae
0.724067,cemeteries,memorials
0.723962,putz,twat
0.723518,adam,matthew
0.723468,______,____
0.723391,brennan,clapper
0.723174,evan,matt
0.723134,wyden,grassley
0.723068,stevens,thomas
0.722964,ottawa,montreal
0.722852,simplified,simplistic
0.722830,kansas,detroit
0.722645,quips,quip
0.722609,twits,twats
0.722563,katie,jennifer
0.722557,kju,nk
0.722493,whiteness,blackness
0.722465,con_artist,conman
0.722249,nitwit,idiot
0.722123,cohen,papadopoulos
0.722114,downvoters,edit
0.721971,dana,chris
0.721882,4.,3.
0.721848,üòÅ,xd
0.721794,conspire,conspired
0.721762,..you,.you
0.721682,baron,barron
0.721656,fatherinlaw,dad
0.721474,cisgender,hetero
0.721416,perez,tom_perez
0.721369,demented,deranged
0.721188,schwarzenegger,arnold
0.721090,heh_heh,hehe
0.721007,cole,richard
0.720891,backpedal,backtrack
0.720665,feedback,input
0.720594,drumph,drumpf
0.720491,anyhow,anyway
0.720312,strangest,weirdest
0.720230,s/he,he/she
0.720182,dentists,doctors
0.720126,toad,worm
0.719860,casey,murphy
0.719802,estes,gillespie
0.719660,uganda,egypt
0.719573,katy_perry,lady_gaga
0.719457,hugh,herman
0.719447,j.,mr.
0.719430,incognito,browser
0.719377,tge,thr
0.719252,linda,david
0.719226,reynolds,harold
0.719188,jennifer,brian
0.719134,frantically,furiously
0.719089,unapologetically,unabashedly
0.718941,rescinded,reinstated
0.718801,considerate,respectful
0.718781,exploited,exploit
0.718727,1936,1933
0.718673,bros,berners
0.718562,glen,brian
0.718421,144,330
0.718398,ann,todd
0.718314,tomi_lahren,jimmy_kimmel
0.718241,invariably,inevitably
0.718220,concluding,concluded
0.718170,kahn,owens
0.717950,antiracism,antiracist
0.717719,vi,ii
0.717678,corey_booker,manchin
0.717629,wnd,vox
0.717584,belgian,italian
0.717549,rove,cheney
0.717519,guaranteeing,guarantees
0.717423,durbin,sen
0.717327,kac,megyn_kelly
0.717228,slither,crawl
0.717211,breaching,breach
0.717210,juror,jury
0.717107,butler,j.
0.717043,detainees,detention
0.717034,dumbshit,dumbfuck
0.717004,superhero,villain
0.716916,pooch,royally
0.716610,suprise,surprise
0.716494,^^^/s,amirite
0.716259,dominate,dominating
0.716238,jason_chaffetz,chaffetz
0.715796,slovenia,argentina
0.715749,conman,buffoon
0.715706,signaling,signalling
0.715637,.because,.oh
0.715449,pleads,plead
0.715438,fking,fucking
0.715196,tomi,kimmel
0.715149,hospice,hospital
0.715110,pffft,pfft
0.715106,slashing,cutting
0.714973,parish,methodist
0.714955,librarian,educator
0.714847,upstairs,downstairs
0.714832,"70,000","50,000"
0.714711,dye,hair
0.714610,rouge,rogue
0.714574,#,1
0.714531,cabin,lake
0.714443,binder,binders
0.714348,keywords,phrases
0.714304,corey,matt
0.714122,martin_luther,mlk
0.713942,kiddo,brah
0.713844,jul,2017
0.713686,bozo,buffoon
0.713645,cuomo,christie
0.713542,cenk,sam_harris
0.713515,micheal,christopher
0.713509,ghouls,monsters
0.713368,sirius,hulu
0.713213,asserts,asserted
0.713110,camping,outdoors
0.713107,john_kerry,mitt_romney
0.713048,^^/s,..
0.713030,helen,anne
0.713013,ian,daniel
0.713003,libcuck,lolol
0.712814,madmen,maniacs
0.712538,lets,let
0.712519,ken,jim
0.712225,berniebros,berners
0.712110,deduce,discern
0.712094,fuckwad,twat
0.712056,margaret,christopher
0.711913,mint,rum
0.711650,aurora,columbine
0.711261,landing,parachute
0.711062,requests,requested
0.710861,certificates,certificate
0.710424,greg,brian
0.710419,george_clooney,oprah
0.710304,bo,barry
0.710198,psh,pfft
0.710036,hoaxes,hoax
0.710008,fil,dad
0.709949,^/s,/s
0.709947,clarke,clark
0.709924,fm,radio
0.709797,intuitive,mathematical
0.709716,whopper,nothingburger
0.709703,colorado_springs,charleston
0.709672,lexington,charleston
0.709580,okeefe,o'keefe
0.709577,youd,'d
0.709528,edwards,harris
0.709411,united,u.s.
0.709389,tommy,henry
0.709154,gentlemen,gents
0.708771,mark_zuckerberg,zuckerberg
0.708747,touche,touch√©
0.708680,wasserman_schultz,brazile
0.708608,mean..,idk
0.708446,es,si
0.708376,cosmo,teen_vogue
0.708176,‚Ä¢,‚Äì
0.708170,cuts,tax
0.708058,1968,1964
0.708046,ehhhh,eh
0.708044,captures,conveys
0.708006,pearls,clutching
0.707805,slit,throat
0.707581,chuck_schumer,mitch_mcconnell
0.707439,wot,wat
0.707332,blather,babble
0.707167,nicole,brian
0.707047,supplemental,medicaid
0.706802,cultists,lefties
0.706739,kaine,tulsi
0.706652,franco,mussolini
0.706482,norton,allen
0.706474,hehehe,hahaha
0.706446,hoffman,jason
0.706373,savannah,oak
0.706257,errr,uhm
0.706086,berner,berniebro
0.705832,yes..,uhm
0.705385,plunder,pillage
0.705288,fedex,usps
0.705283,cowboy,cowboy_hat
0.705020,marcus,simon
0.704958,sandy,hurricane
0.704937,pine,oak
0.704620,blair,william
0.704438,martin_shkreli,shkreli
0.704403,freeloading,leech
0.704309,amy,taylor
0.704293,foxconn,manufacturing
0.704203,st._petersburg,moscow
0.703937,blend,mix
0.703912,mph,meters
0.703912,arby,mcdonald
0.703871,nye,tyson
0.703781,herbert,peter
0.703359,buffalo,houston
0.703054,robinson,david
0.702981,vast,majority
0.702973,sonny,bob
0.702825,julia,steven
0.702816,mika,chris_matthews
0.702779,louise_mensch,cernovich
0.702752,boatload,shitload
0.702703,arabia,saudi_arabia
0.702596,redpill,tumblr
0.702510,tribunals,tribunal
0.702327,o'donnell,greg
0.702283,thompson,scott
0.702195,donut,sandwich
0.702172,7+,2+
0.701852,salads,salad
0.701843,montgomery,st._louis
0.701837,cayman_islands,bank
0.701732,indianapolis,l.a.
0.701721,luxembourg,switzerland
0.701617,don¬¥t,dont
0.701595,hoard,redistribute
0.701451,hmmmmmm,hmmmm
0.701442,wah,boo_hoo
0.701309,sara,sarah
0.701140,staters,californians
0.701104,auburn,ut
0.701024,coz,cuz
0.700895,ellen,jessica
0.700851,silliness,absurdity
0.700761,polk,henry
0.700692,homer,hank
0.700666,ugliness,nastiness
0.700519,spreadsheet,database
0.700404,snappy,catchy
0.700330,pee_pee,golden_showers
0.700316,bork,pryor
0.700143,tulsa,charleston
0.700123,bryant,jay
0.700036,ay,doin
0.699915,boners,boner
0.699914,racking,racked
0.699715,stump,speeches
0.699714,appropriating,appropriated
0.699460,realms,realm
0.699391,enriched,enrich
0.699367,snyder,scott
0.699208,hostile_takeover,takeover
0.699177,phillips,simon
0.699093,clad,dressed
0.699080,phoney,phony
0.698968,downvote,upvote
0.698826,george_soros,soros
0.698689,kg,lbs
0.698618,unwittingly,unknowingly
0.698588,scrotum,testicles
0.698471,castile,cop
0.698427,slammed,knocked
0.698198,dwight,toby
0.698119,erdoƒüan,erdogan
0.697673,..or,.or
0.697658,jamie,dave
0.697561,woody,frank
0.697345,alrighty,uh
0.697197,drumf,drumpf
0.697086,kay,sonny
0.697071,simmons,brian
0.697035,remeber,remember
0.697032,230,250
0.696952,definately,definitely
0.696930,confuses,annoys
0.696815,playful,awkward
0.696764,godawful,terrible
0.696493,predicament,situation
0.696444,'murica,murica
0.696365,obliged,obligated
0.695953,sexually_assaults,sexually_assaulting
0.695900,motors,toyota
0.695689,paedophile,pedophile
0.695446,bankroll,fund
0.695338,u.s.a.,usa
0.695011,again..,again
0.694807,ridge,oak
0.694661,knob,cock
0.694630,conundrum,dilemma
0.694623,xenophobes,racists
0.694512,unconscionable,inexcusable
0.694316,|,+
0.693984,ment,meant
0.693915,________,____
0.693752,boned,screwed
0.693509,distributes,distributed
0.693390,creeper,perv
0.693331,staten_island,suburbs
0.693068,presuming,assuming
0.693043,molester,sexual_predator
0.692887,kelly_anne,conway
0.692863,unfuckingbelievable,unbelievable
0.692819,constituent,rep
0.692626,lieberman,mitch
0.692026,huffing,drinking
0.691856,merchant,vessel
0.691849,defaulted,loan
0.691660,islamaphobia,homophobia
0.691482,starting,going
0.691426,gibson,simon
0.691268,han,roman
0.691222,tr,teddy_roosevelt
0.691148,sacked,resigned
0.690506,shultz,brazile
0.690493,seymour_hersh,hersh
0.690491,o_o,o.o
0.690447,istanbul,tel_aviv
0.690320,te,si
0.690201,goblin,worm
0.690151,cretin,twat
0.690135,noodle,spaghetti
0.689962,r/politics,/r/all
0.689958,cynicism,apathy
0.689932,obv,tho
0.689924,..the,.the
0.689875,gj,grand_jury
0.689832,anticipating,anticipation
0.689707,14yearold,teenager
0.689458,righteous_indignation,rage
0.689438,columns,editorials
0.689179,meryl_streep,meryl
0.689162,^,:
0.688987,strippers,hookers
0.688955,guantanamo,gitmo
0.688954,.trump,.he
0.688849,shortly_thereafter,shortly
0.688751,^and,^a
0.688478,liz,dan
0.688217,sig,ak47
0.688008,emancipation,abolition
0.687962,adios,bye
0.687868,parenthood,planned_parenthood
0.687625,omaha,maine
0.687545,busters,berners
0.687513,und,der
0.687359,becasue,b/c
0.687343,meats,kale
0.687314,chimp,monkey
0.687233,nastiness,pettiness
0.687211,ratchet,ramp
0.687092,papa_johns,taco_bell
0.687082,srsly,lmao
0.687051,sung,sings
0.686811,brags,bragged
0.686787,backpedaling,backtracking
0.686775,antiracist,antifascist
0.686701,durrr,hurr_durr
0.686624,juggernaut,powerhouse
0.686542,dreadful,terrible
0.686539,kramer,herman
0.686426,sinclair,cbs
0.686397,stunningly,unbelievably
0.686365,deniers,scientists
0.686358,purple,red
0.685869,nicholas,henry
0.685774,clinton/obama,obama/clinton
0.685750,obama/clinton,clinton/obama
0.685749,ned,joshua
0.685725,elliot,james
0.685704,negative_connotation,connotation
0.685652,jist,gist
0.685390,las,si
0.685359,zeal,fervor
0.685356,grandmas,grandma
0.685344,stanley,sam
0.685252,fitzgerald,j.
0.684863,leslie,drake
0.684734,diane,harris
0.684571,irrelevancy,irrelevance
0.684411,durham,boulder
0.684229,darth_vader,vader
0.684209,solomon,joseph
0.684172,__,~~
0.683882,winged,wing
0.683817,cummings,devin_nunes
0.683564,coulter,milo
0.683378,queries,query
0.683303,antiimmigrant,antiimmigration
0.683264,shrinks,shrinking
0.683215,8d,4d
0.683123,'merica,murica
0.682984,carol,taylor
0.682962,lad,fella
0.682913,keith_olbermann,sean_hannity
0.682735,instructs,directs
0.682605,goodie,ah
0.682333,sasha,malia
0.682281,surrender,surrendered
0.682272,/r/asktrumpsupporters,/politics
0.682122,factcheck,verify
0.681702,lynn,robinson
0.681699,lauren,matt
0.681651,hindrance,obstacle
0.681441,julie,gregory
0.681424,rachel,hannity
0.681417,melissa,anderson
0.681412,achievable,feasible
0.681332,facepalm,hahahahah
0.681313,host,guest
0.681238,hayes,jason
0.681217,matthews,brett
0.681210,soaring,skyrocketing
0.681079,tweaking,tweak
0.681060,cfr,¬ß
0.680925,miscommunication,misunderstanding
0.680777,bowling_green,boston_marathon
0.680678,combines,combine
0.680467,jessica,brad
0.679957,schmidt,larry
0.679864,melanie,melania
0.679589,realz,reals
0.679497,lou,kevin
0.679284,andrew_mccabe,deputy
0.679190,alice,jay
0.679164,sonofabitch,motherfucker
0.679017,cockroach,ghoul
0.678985,zuck,zuckerberg
0.678975,clint_eastwood,tom_hanks
0.678938,boast,brag
0.678761,hot_tub,bathtub
0.678690,138,2.3
0.678474,notre_dame,university
0.678430,____,:
0.678000,transgression,transgressions
0.677942,brick,wooden
0.677893,affirmative,title_ix
0.677886,bangs,banging
0.677671,fret,worry
0.677603,'black,'white
0.677499,..so,..what
0.677402,willie,holmes
0.677361,sycophant,stooge
0.677319,overloaded,clogged
0.677279,tenacity,courage
0.677227,mcmullin,rand_paul
0.677151,joan,mary
0.676975,dms,wikileaks
0.676839,corey_lewandowski,robby_mook
0.676514,warner,comcast
0.676512,u.s.a,usa
0.676413,levy,levied
0.676373,newt,lindsay
0.676279,rooney,bob
0.675932,inaccuracy,inaccuracies
0.675714,lv,vegas
0.675011,farage,nigel_farage
0.674922,judy,brett
0.674864,cohn,scaramucci
0.674804,freakin,fucken
0.674598,insinuation,accusation
0.674570,_______,______
0.674557,carolina,ga
0.674376,cultist,deluded
0.674178,anna,david
0.674090,___,:
0.674073,shudders,shudder
0.673969,mercer,soros
0.673944,joy_reid,tucker_carlson
0.673679,kathleen,susan
0.673598,troy,kc
0.673465,samantha_bee,snl
0.673372,colts,steelers
0.673285,kitty,granny
0.673166,=/,tho
0.673153,bradley,curtis
0.673120,malcolm,herman
0.672788,rubin,steven
0.672632,nonracist,racists
0.672567,erik_prince,andrew_mccabe
0.672541,git,ay
0.672378,willy,cigar
0.672309,downvotes,admins
0.672210,chad,pakistan
0.671996,trevor,dave_chappelle
0.671874,suggestions,recommendations
0.671788,gavin,tim
0.671623,disturbs,upsets
0.671616,oi,brah
0.671609,karen,ross
0.671339,watson,j.
0.671168,courteous,centipede
0.671150,'cuz,'cause
0.670661,du,si
0.670594,spec,rpg
0.670487,rosie_o'donnell,kelly_anne
0.670441,thor,zeus
0.670366,tandem,conjunction
0.670324,ax,axe
0.670162,bby,brah
0.669697,illustrating,explaining
0.669677,richards,kevin
0.669606,biggie,um
0.669480,theresa,prime_minister
0.669416,civility,subreddit
0.669352,persuading,persuade
0.668938,marion,county
0.668856,hc,healthcare
0.668731,archer,nick
0.668662,mcmuffin,kasich
0.668612,rockstar,dj
0.668486,oldfashioned,fashioned
0.668183,proles,plebs
0.668111,mo_brooks,brooks
0.667979,cyprus,holdings
0.667948,dominos,dominoes
0.667775,godemperor,emperor
0.667740,purpose,intended
0.667709,travis,bob
0.667520,vanilla,flavor
0.667428,freefall,shambles
0.667374,dissident,dissidents
0.666953,pooping,chewing
0.666912,ruckus,stink
0.666865,dell,company
0.666815,hastert,dennis_hastert
0.666719,lyric,lyrics
0.666258,beef,cheese
0.666256,cox,sam
0.666206,jerry_brown,governor
0.665812,crowley,patrick
0.665790,tu,ou
0.665718,undead,vampire
0.665534,opera,dj
0.665492,john_oliver,simpsons
0.665102,touch√©,hehe
0.665102,armstrong,david
0.664974,bulls,lions
0.664955,louise,cernovich
0.664927,barney,toby
0.664843,donny,donnie
0.664833,lex,superman
0.664580,tammy,jessica
0.664363,us..,us
0.664357,‡≤†_‡≤†,srsly
0.664243,ze,vlad
0.664149,omar,christopher
0.663895,newsroom,fox
0.663849,gabriel,henry
0.663740,miraculous,miracle
0.663613,felix,marc
0.663589,msn,foxnews
0.663549,ngo,ngos
0.663522,selfidentify,identify
0.663520,bart,bronx
0.663328,skippy,dawg
0.663214,'big,big
0.663174,newport,tampa
0.663066,empowers,enables
0.663013,redacted,unclassified
0.662690,rhodes,richard
0.662682,grand_rapids,nyc
0.662468,paw,mouse
0.662233,pg,c.
0.661871,undisclosed,disclosed
0.661854,winston_churchill,churchill
0.661742,returns,1040
0.661734,improvements,upgrades
0.661699,mikey,ya
0.661553,'liberal,liberal
0.661323,ofcourse,ofc
0.661296,jar_jar,palpatine
0.661233,trumpian,classic
0.661021,betsy,betsy_devos
0.661021,taylor,jason
0.660987,fer,lovin
0.660388,oo,ay
0.660242,^^a,^i
0.660225,'red,red
0.660084,whatevs,yah
0.660058,allot,alot
0.659226,paula,alan
0.659077,huckleberry,sarah
0.658833,^^,:
0.658827,childless,mothers
0.658765,compels,compel
0.658734,infuriate,enrage
0.658023,keith,taylor
0.657708,dim,shallow
0.657624,25th,28th
0.657561,sauron,satan
0.657081,je,si
0.656727,pedes,libcucks
0.656722,rooftop,balcony
0.656501,kangaroo,court
0.656495,woo,yay
0.655733,estimating,estimate
0.655456,amanda,christopher
0.655139,gypsies,slavs
0.654879,tha,dat
0.654698,nate,nate_silver
0.654501,oy,hahahahah
0.654384,spice,spicey
0.654172,echoes,echoed
0.653964,lpt,protip
0.653826,monica,slick_willy
0.653781,zing,lolol
0.653666,lugenpresse,facists
0.653386,thay,thst
0.653200,stephens,richard
0.652971,matt_damon,vince
0.652965,chester,gary
0.652228,peyton_manning,brady
0.652147,sidenote,btw
0.652040,bailey,randy
0.651944,les,di
0.651900,arnold_schwarzenegger,bob
0.651683,^for,^a
0.651294,criteria,requirements
0.651166,lamestream,'fake
0.650975,webster,j.
0.650577,kamala_harris,cory_booker
0.650384,ailes,roger_ailes
0.650300,lolwut,wat
0.650296,maniacal,psychopathic
0.650283,orphan,infant
0.650187,kush,kushner
0.649808,permissible,permitted
0.649775,goats,goat
0.649722,freddy,marty
0.649647,julius,franco
0.649577,turtles,lizards
0.649521,plantation,plantations
0.649288,06,november
0.648913,distressed,depressed
0.648871,'moderate,neoconservatives
0.648839,macedonian,trolls
0.648518,goldberg,neil
0.648485,identified,known
0.648431,hart,william
0.648267,ge,gm
0.647803,point..,point
0.647501,way..,way
0.647287,franks,sen
0.647125,admins,mods
0.647060,kucinich,ted_cruz
0.646811,wichita,ohio
0.646657,'hate,speech
0.646577,flunky,stooge
0.646552,propriety,decency
0.646475,solidifies,undermines
0.646267,ana,brett
0.646047,webb,jason
0.646023,gordon,miller
0.645352,whale,alligator
0.645239,coney,comey
0.645217,zinke,pruitt
0.645162,janet,michael
0.645158,devin,jeff
0.644975,'new,new
0.644932,boogie,boogeyman
0.644730,weaver,josh
0.644693,folder,header
0.644615,howard_dean,tom_perez
0.644383,^to,__
0.643573,‚ô™,üé∂
0.643215,betty,liz
0.643150,tick_tick,tick_tock
0.643060,subscribes,worships
0.642953,goal,goals
0.642803,evan_mcmullin,gabbard
0.642781,ann_arbor,la
0.642050,ir,technology
0.642048,gong,going
0.641879,pepes,dank_memes
0.641744,berry,pete
0.641637,frickin,friggin
0.641419,pirro,chuck_todd
0.641383,yeltsin,gaddafi
0.640754,forcible,sodomy
0.640466,poppy,opium
0.640181,kamala,gowdy
0.640148,yanked,pulled
0.639917,caveman,robot
0.639319,als,chemotherapy
0.639295,cathy,jenkins
0.639077,exploitative,perverse
0.638570,pledges,pledged
0.638278,rugs,jewelry
0.638238,alec_baldwin,cameo
0.638034,orcs,apes
0.637838,rodgers,jason
0.637798,wil,itll
0.637708,non_existent,nonexistent
0.637244,displeased,unhappy
0.637154,fp,zerohedge
0.637142,marty,robin
0.636913,absofuckinglutely,absolutely
0.636804,jay_sekulow,brett
0.636800,clutch,clutching
0.636574,saps,dolts
0.635864,costa,carlos
0.635846,goldstein,j.
0.635682,holly,randy
0.635671,emily,ms.
0.635165,wilbur_ross,mnuchin
0.634966,pacifism,totalitarianism
0.634765,2/10,0/10
0.634742,sydney,london
0.634709,showcase,display
0.634697,/thread,lololol
0.634659,demos,independents
0.634012,eff,aclu
0.633170,nbd,yeah..
0.633151,elijah_cummings,sen
0.632983,.which,.and
0.632805,1954,1962
0.632751,bros.,bros
0.632086,sicker,premiums
0.631480,hans,edward
0.630973,reminder,centipede
0.630632,barbie,granny
0.630240,torrent,deluge
0.629914,clooney,vince
0.629862,et_cetera,etc.
0.629496,branson,penthouse
0.629226,av,interface
0.628503,honed,perfected
0.628279,guru,analyst
0.627875,disbelieve,believe
0.627700,wasserman,brazile
0.627526,navigator,holdings
0.627380,goody,mmm
0.626708,crusader,warrior
0.626664,harrison,dwight
0.626115,hon,sup
0.626114,jonah,nick
0.625913,tucked,stuffed
0.625877,multiplier,increases
0.625712,albert_einstein,einstein
0.625546,chao,elaine
0.625143,ronnie,johnny
0.625084,appropriation,appropriations
0.624598,fifa,enron
0.624321,kristen,jessica
0.624126,then..,.well
0.624013,jean,taylor
0.623918,lifting,sanctions
0.623879,watts,weaver
0.623846,vienna,munich
0.623743,virginians,virginian
0.623387,noice,xd
0.622671,bolder,complacent
0.622304,corral,whip
0.621986,snicker,^to
0.621972,/r/politics,/r/all
0.621778,observer,guardian
0.621365,warren_buffet,richer
0.621259,ajit,ajit_pai
0.621037,benedict,saint
0.621024,creator,creators
0.620508,defaults,mortgages
0.620300,tuck,pecker
0.620287,sideline,sidelines
0.619831,blameless,culpable
0.619679,^it,^a
0.619571,advises,directs
0.619103,^^the,^i
0.618766,ruby,ks
0.618420,"80,000",2.8
0.618232,falter,regained
0.618203,cu,nn
0.617327,slash,eliminate
0.617278,budapest,vienna
0.617193,cannibal,serial_killer
0.617188,denny,kitchen
0.617164,cha,yer
0.615350,rus,russia
0.615091,nigerian,pakistani
0.615031,cheerleaders,mouthpieces
0.614817,herman_cain,skit
0.614550,whistles,plugs
0.613636,'just,'do
0.613379,sic,nunes
0.613116,patriot,hero
0.612837,rowdy,unruly
0.612612,contestants,pageant
0.612536,merica,murica
0.612381,homeboy,homie
0.612324,dun_dun,..
0.611884,maroon,ninja
0.611794,palmer,r.
0.611263,keefe,project_veritas
0.610748,sucky,terrible
0.610453,deceptively,deceptive
0.610134,users,usernames
0.609753,lashes,lash
0.609504,bloom,peter
0.609115,alexa,api
0.608420,tycoon,billionaire
0.607171,folders,binder
0.606537,cutout,operative
0.606270,yadda_yadda,.and
0.605774,bla,__
0.605746,pageant,playboy
0.604898,takers,welfare_recipients
0.604773,effect,subreddit
0.604711,centipedes,spiders
0.604518,probable,warrant
0.604414,thar,gunna
0.603141,kaiser,fred
0.603141,^the,^a
0.602749,yuri,rothschild
0.601536,persists,continues
0.601380,coats,rogers
0.601055,lion,beaver
0.601007,bye_felicia,woot
0.600849,pede,lads
0.600670,beavis,nick
0.600457,jacobs,reporter
0.599688,ther,da
0.599666,^of,^a
0.599594,statesponsored,propaganda
0.599306,derivatives,banks
0.598867,downstream,sewage
0.597862,hindered,hinder
0.597839,pences,huma
0.597501,eco,nietzsche
0.597427,_____,____
0.595736,jester,watson
0.593391,xxx,x
0.593078,impressions,quips
0.592844,butthead,nick
0.592102,elsewhere,someplace
0.590294,'er,noice
0.588948,donnell,reilly
0.588858,chum,honey
0.588486,moe,306
0.587266,fellas,ain
0.587002,ducks,rope
0.586544,'progressive,progressive
0.586182,panda,papa
0.586130,bla_bla,blah
0.586096,idc,idgaf
0.585860,megathread,sticky
0.584464,trumpster,libs
0.583986,andrea,jacobs
0.583293,rump,o
0.583157,andrews,palm_beach
0.582969,mickey_mouse,penguin
0.582667,clearcut,compelling
0.582640,dearborn,deputy
0.581986,meow,‚ô´
0.581506,fubar,clusterfuck
0.580209,fro,meanwhile
0.579720,nos,rs
0.579708,dukes,nathan
0.579131,rouse,rile
0.579107,centipede,furry
0.578797,mayer,simon
0.578549,drake,jacobs
0.577715,bale,guitar
0.576692,ivory,diamonds
0.576062,'good,good
0.575399,¬Ø\\\__„ÉÑ,eh
0.574101,punt,recess
0.572537,'this,'that
0.570922,deus_vult,kek
0.569782,nascent,emerging
0.568302,haw,dance
0.567670,shorten,shortened
0.566743,edison,wayne
0.565741,ledger,receipt
0.563120,_/¬Ø,srsly
0.562607,barney_frank,wallstreet
0.562115,general,centipede
0.561158,/r/news,subreddit
0.561025,merchants,mercenaries
0.560650,\_/¬Ø,_/¬Ø
0.559289,underscore,highlighting
0.557603,ws,bernie
0.557455,extensions,extension
0.557401,üëè,bbbut
0.557071,¬∑,h.
0.556632,sparrow,horse
0.555210,to..,that..
0.555114,brows,lips
0.555097,violations,violation
0.551993,filtered,removed
0.551949,adhere,showcase
0.550748,yada,..and
0.550176,alec,rockefeller
0.549531,sparks,sparked
0.549387,dove,ran
0.549343,buster,fanboy
0.546123,spectre,dragon
0.545497,insults,centipede
0.542537,üòÄ,dang
0.542068,com,nexus
0.541868,—è,p
0.540929,hoc,rehash
0.540825,personalized,scripts
0.539028,^is,^a
0.538874,fig,olive
0.538733,ro,hi
0.537189,vanity,garrison
0.536904,`,||
0.534137,soften,softened
0.533671,may,can
0.530866,bust,bernie
0.528811,vis,wrt
0.527996,modmail,lightyears
0.526116,sb,oc
0.525059,excepting,including
0.522312,offtopic,unsubscribe
0.522275,===,nbsp
0.521591,‚òë,4.
0.520610,fir,boot
0.520066,negro,virtue
0.519191,removal,subreddit
0.516964,faq,extended_summary
0.516045,hatespeech,criticism
0.515834,actualy,actually
0.514484,tending,beverages
0.513467,heaven_forbid,..or
0.513161,treasures,secrets
0.507238,therein,falsehood
0.505743,featured,terrific
0.504267,completing,concerns
0.496812,magnet,sh
0.495677,lightyears,far
0.488864,jerk,circlejerk
0.487585,‚úî,4.
0.486768,00100000,anyone
0.481799,notable,noted
0.481670,domains,lightyears
0.475336,'normal,surroundings
0.475305,‚Äã,‚Äú
0.474136,submitting,approved
0.470174,permanent,showcase
0.469337,match,action
0.469244,implicit,explicit
0.462088,permitted,explicit
0.446713,'at,at
0.433549,expressions,characteristic
0.408424,busing,peaceably
